STATION,ADDRESS,LOCALITY,ALTADDRESS,LONG_GDA94,LAT_GDA94,LONG_GDA20,LAT_GDA20
ABBEYWOOD HIVESVILLE RURAL,GAYNDAH-HIVESVILLE ROAD,ABBEYWOOD ,,151.6613719390001,-26.120001813999977,151.66137827962132,-26.11998911500464
AGNES WATER RURAL,CAPTAIN COOK DRIVE,AGNES WATER ,,151.8832065800001,-24.18289251799996,151.88321312210414,-24.182879824414464
ALDERSHOT RURAL,2 MURRAY STREET,ALDERSHOT ,,152.66158600000006,-25.465710999999942,152.66159231807853,-25.465698392676195
ALTON DOWNS RURAL,73 NICHOLSON STREET,ALTON DOWNS ,,150.35595909000006,-23.30321795599997,150.35596586730404,-23.303205113541694
ALVA BEACH RURAL,BRABY STREET,ALVA BEACH ,,147.4787930220001,-19.45975937199995,147.47880040109183,-19.459746256353483
AMBY TOWN RURAL,GEORGE STREET,AMBY ,,148.18770671900006,-26.548008488999983,148.1877133758586,-26.547995487639906
ANAKIE RURAL,CORNER OF CAMERON STREET AND HEGARTY STREET,WILLOWS GEMFIELDS ,,147.74944730800007,-23.549862249999933,147.74945429794104,-23.549849189576587
ARATULA RURAL,6708 CUNNINGHAM HIGHWAY,ARATULA ,,152.55048771400004,-27.97917620499993,152.55049373587215,-27.979163606767198
AVONDALE RURAL,O'CONNELL STREET,AVONDALE ,,152.1604802490001,-24.742769771999974,152.16048670074989,-24.742757109723456
BAJOOL RURAL,HIGH STREET,BAJOOL ,,150.6446400000001,-23.653439999999932,150.6446467141245,-23.653427186483935
BALL BAY HALIDAY BAY RURAL,5 STURGEON STREET,BALL BAY ,,148.9935718700001,-20.90361885699997,148.99357900232076,-20.903605876162047
BALL BAY HALIDAY BAY RURAL,1 HEADLAND DRIVE,HALIDAY BAY ,,148.98744286300007,-20.897911772999976,148.98744999634934,-20.89789879159885
BALLANDEAN RURAL,27 CURR ROAD,BALLANDEAN ,,151.8400857580001,-28.802151119999962,151.84009175769845,-28.802138459155778
BANANA NO 1 RURAL,CORNER OF NORTH STREET AND BRAMPSTON STREET,BANANA ,,150.12980984600006,-24.468387313999983,150.1298165212152,-24.468374460925617
BAUPLE RURAL,CORNER OF MILL STREET AND SOTTENVILL ROAD,BAUPLE ,,152.62505100400006,-25.81618503599998,152.62505728353122,-25.81617242790537
BEDOURIE TOWN RURAL,EYRE STREET,BEDOURIE ,,139.46918491100007,-24.36074240599993,139.46919264312652,-24.360728838559893
BEECHMONT RURAL,1861 BEECHMONT ROAD,BEECHMONT ,,153.19144943600008,-28.126471409999965,153.19145536847046,-28.126458876882896
BEERWAH AND DISTRICT RURAL,179 ROYS ROAD,BEERWAH ,,152.97679249400005,-26.856567505999976,152.9767986101906,-26.85655494124788
BELL CENTRE RURAL,CORNER OF CHALLACOMBE STREET AND CASSIDY STREET,BELL ,,151.4517449000001,-26.933893465999972,151.45175116731215,-26.933880753671502
BELLI PARK RURAL,1170 EUMUNDI-KENILWORTH ROAD,BELLI PARK ,,152.84409206200007,-26.511357760999942,152.844098234675,-26.51134518023002
BELLTHORPE RURAL,300 BELLTHORPE WEST ROAD,BELLTHORPE ,,152.71836100000007,-26.84752999999995,152.71836714430034,-26.847517409418387
BELMONT RURAL,CORNER OF GREENLAKE ROAD AND MILLERS ROAD,PARKHURST ,,150.52818571700004,-23.23099476799996,150.52819248655084,-23.230981940444394
BENARABY RURAL,15 O'CONNOR ROAD,BENARABY ,,151.32285688000002,-24.004187799999954,151.3228634938721,-24.004175051897263
BENNETT RURAL,"LOT 1,  MARY ROAD",TARA ,,150.47029721400008,-27.052210142999968,150.47030357254533,-27.052197341112812
BENNETT RURAL,59 BILLABONG LANE,TARA ,,150.5487010280001,-27.070538254999974,150.54870737604693,-27.070525460345333
BIARRA RURAL,228 ESK - CROWS NEST ROAD,BIARRA ,,152.39104357400004,-27.208740414999966,152.39104970848297,-27.20872779504067
BIDWILL RURAL,LANGERS ROAD,TINANA ,,152.71482039600005,-25.579567793999956,152.71482669516195,-25.57955519287088
BINGERA WEIR RURAL,36 STATESMAN DRIVE,SOUTH BINGERA ,,152.22361461000003,-24.967962263999937,152.22362102948117,-24.967949609689853
BIRDSVILLE RURAL,EYRE DEVELOPMENTAL ROAD,BIRDSVILLE ,,139.35188085200002,-25.898040769999966,139.35188851389674,-25.898027208861862
BIRTHAMBA RURAL,ROUNDS & BIRTHAMBA ROADS,SOUTH KOLAN ,,152.1536352050001,-24.886905230999957,152.15364164063794,-24.886892569238874
BLACK MOUNTAIN RURAL,COOROY BELLI CREEK ROAD,BLACK MOUNTAIN ,,152.88654307500008,-26.442751382999973,152.88654925176758,-26.442738805913642
BLACK RIVER AND DISTRICT RURAL,BOWDEN ROAD,BLACK RIVER ,,146.62683826600005,-19.230890186999943,146.62684572675533,-19.2308770046225
BLENHEIM DISTRICT RURAL,MOUNT BERRYMAN ROAD,BLENHEIM ,,152.32992893300002,-27.65058698499996,152.32993501981016,-27.650574362553137
BLI BLI AND DISTRICT RURAL,CNR LEFOES ROAD AND SPORTS ROAD,BLI BLI,,153.04038542000012,-26.609680526999966,153.04039156030834,-26.609667966653213
BLOOMFIELD RIVER RURAL,BLOOMFIELD ROAD,BLOOMFIELD ,,145.34294352300003,-15.900625797999965,145.34295132717847,-15.900612495375695
BLUEWATER RURAL,FORESTRY ROAD,BLUEWATER ,,146.54962649300012,-19.175565434999953,146.5496339639184,-19.17555224643118
BLUFF RURAL,CHURCH STREET,BLUFF ,,149.0698733370001,-23.58146801199996,149.0698802023364,-23.581455059848754
BONDOOLA RURAL,19 GRANDBOWER ROAD,BONDOOLA ,,150.6646800000001,-23.18566999999996,150.6646867622314,-23.18565718443747
BOOUBYJAN BOONARA RURAL,BURNETT HIGHWAY,TANSEY ,,152.05141610600003,-26.04449082399998,152.05142241587046,-26.044478161738844
BOOYAL RURAL,MAIN STREET,BOOYAL ,,152.0403891420001,-25.21395508599994,152.04039555046026,-25.21394241595857
BOOYAN RURAL,19 WAGTAIL CLOSE,MOORE PARK BEACH ,,152.2135504590001,-24.701833886999964,152.21355691048046,-24.701821229536208
BOREEN POINT RURAL,TEEWAH STREET,BOREEN POINT ,,152.9949650000001,-26.28651099999996,152.99497118496774,-26.286498432503386
BOREEN POINT RURAL,"DAVIS ROAD, COOTHARABA",COOTHARABA ,,152.9351827690001,-26.298900410999977,152.93518895851588,-26.29888783761791
BOROREN RURAL,KENT STREET,BOROREN ,,151.4918500000001,-24.24512999999996,151.49185657137508,-24.24511726974529
BOULDERCOMBE RURAL,52476 BURNETT HIGHWAY,BOULDERCOMBE ,,150.4638570180001,-23.570989846999964,150.46386375731953,-23.57097701645013
BOWENVILLE RURAL,"LOT 1,  NORWIN ROAD",BOWENVILLE ,,151.4918593210001,-27.305247920999932,151.49186554031127,-27.305235215386695
BRAEMAR RURAL,1678 BEELBEE RD,BEELBEE,,150.8317490080001,-27.116196077999973,150.8317553204137,-27.116183309498847
BRANYAN RURAL,CORNER OF BARTHOLDT DRIVE AND NAROOMA DRIVE,BUNDABERG ,,152.26377815400008,-24.912869437999973,152.26378457607927,-24.912856787145206
BROOKFIELD RURAL,CORNER OF BOSCOMBE ROAD AND BROOKFIELD ROAD,BROOKFIELD ,,152.91359177000004,-27.494079177999936,152.91359781313503,-27.49406661198461
BROOKLANDS RURAL,LORD STREET,BROOKLANDS ,,151.81833718100006,-26.74290515399997,151.81834343216954,-26.742892474937307
BROOKLANDS RURAL,40 TANDURINGIE DRIVE,TARONG ,,151.8630295920001,-26.767715564999946,151.86303583553683,-26.767702890411393
BROOKLANDS RURAL,"LOT 173,  ACACIA DRIVE",ELLESMERE ,,151.73912209900004,-26.733369445999983,151.73912835960334,-26.733356759300623
BROOKSTEAD RURAL,GORE HIGHWAY,BROOKSTEAD ,,151.4423940380001,-27.76153241299994,151.4424002085971,-27.761519706309382
BROOLOO MARY RIVER RURAL,"LOT 11,  SUTTON STREET",BROOLOO ,,152.7013278940001,-26.488256080999975,152.70133408418516,-26.4882434858593
BROOWEENA DISTRICT  RURAL,SMITH CRESCENT,BROOWEENA ,,152.26342218800005,-25.599566452999966,152.26342852930148,-25.5995538076959
BULLHEAD RURAL,PENINSULA DEVELOPMENT ROAD,LAKELAND ,,144.85619246400006,-15.861728827999968,144.85620029946108,-15.861715492051529
BUNGADOO AND DISTRICT  RURAL,1 RIVER ROAD,BUNGADOO ,,152.0801391340001,-24.991298798999935,152.08014556453574,-24.99128613098163
BUNGUNDARRA RURAL,BUNGUNDARRA ROAD,BUNGUNDARRA ,,150.6565300000001,-23.063279999999963,150.6565367759531,-23.063267182681507
BUNGUNYA RURAL,CORNER OF MAIN STREET AND LANE STREET,BUNGUNYA ,,149.6570653440001,-28.42473240099997,149.65707163939447,-28.42471953770977
BUNYA MOUNTAIN RURAL,BUNYA MOUNTAINS ROAD,BUNYA MOUNTAINS ,,151.5967651310001,-26.88561647499995,151.5967713886263,-26.885603775984816
BURKETOWN RURAL,"LOT 120,  ALBERT STREET",BURKETOWN ,,139.54833500000007,-17.735535999999968,139.54834306131352,-17.735522384131674
BURRUM HEADS RURAL,BUSHNELL ROAD,BURRUM HEADS ,,152.62104589500007,-25.19211626899994,152.62105224975227,-25.192103655444008
BUXTON RURAL,"POWER STREET, POWER STREET, BUXTON QLD 4660",BUXTON ,,152.53401354100004,-25.19564606499995,152.53401990374607,-25.195633442894945
BYFIELDS RURAL,BYFIELD ROAD,BYFIELD ,,150.647847124,-22.84409219899993,150.64785392392767,-22.844079379070887
CABARLAH RURAL,"LOT 679, ",CABARLAH ,,151.9907465760001,-27.432317186999967,151.99075272624137,-27.43230452994073
CALEN AND CAMERONS POCKET RURAL,17 PRATTS RD,CALEN ,,148.7766306840001,-20.89857939099994,148.7766378339945,-20.89856639197953
CALLIOPE RURAL,VALLIS STREET,CALLIOPE ,,151.2030676160001,-24.01615906199993,151.20307423958377,-24.016146302818342
CALLIUNGAL RURAL,NEWMAN OVAL THOMPSON AVENUE,MOUNT MORGAN ,,150.38367373200003,-23.639748613999927,150.38368047132082,-23.639735776805143
CAMBOOYA RURAL,GEORGE STREET,CAMBOOYA ,,151.8670784080001,-27.70572703099998,151.86708453862474,-27.705714364210667
CAMOOWEAL TOWN RURAL,BARKEY HIGHWAY,MOUNT ISA ,,138.121355708,-19.92181887399994,138.12136377509967,-19.921805216204774
CAPTAIN CREEK RURAL,22 MURPHY ROAD,CAPTAIN CREEK ,,151.77895000000012,-24.290619999999933,151.77895653952862,-24.29060729733622
CARMILA AND DISTRICT RURAL,6 MUSIC STREET,CARMILA ,,149.40985211500004,-21.908923371999947,149.4098591160753,-21.908910434952254
CAWARRAL RURAL,674 CAWARRAL ROAD,CAWARRAL ,,150.6754238970001,-23.25627669199997,150.67543065076208,-23.256263877999352
CEDAR CREEK WOLFFDENE RURAL,17 VEIVERS ROAD,WOLFFDENE ,,153.1754833000001,-27.796519616999944,153.17548927649682,-27.796507079679603
CEDAR POCKET AND GREENS CREEK RURAL,CEDAR POCKET ROAD,CEDAR POCKET ,,152.74723423300009,-26.197377091999954,152.74724045403286,-26.197364499076702
CHAMBERS FLAT RURAL,KENNY ROAD,CHAMBERS FLAT ,,153.0923742450001,-27.757543600999952,153.0923802354994,-27.757531054994104
CHATSWORTH RURAL,ALLEN ROAD,CHATSWORTH ,,152.6153184090001,-26.141021630999944,152.6153246502434,-26.141009024564188
CHILLAGOE RURAL,KING STREET,CHILLAGOE ,,144.52423834700005,-17.15752757599995,144.52424611081318,-17.157514229140304
CLAGIRABA RURAL,177 CLAGIRABA ROAD,CLAGIRABA ,,153.2569060080001,-27.995561632999966,153.2569119500991,-27.995549105479203
CLAIRVIEW RURAL,COLONIAL DRIVE,CLAIRVIEW ,,149.5360280000001,-22.12043099999994,149.53603496953917,-22.12041807557584
COALSTOUN LAKES RURAL,CORNER OF ISIS HIGHWAY AND GLENVIEW ROAD,COALSTOUN LAKES ,,151.88927979200002,-25.61549467499998,151.8892861685013,-25.615481993685922
COLOSSEUM RURAL,CORNER OF ROE STREET AND JINKS STREET,MIRIAM VALE ,,151.55838000000006,-24.326769999999954,151.5583865560036,-24.32675727669363
COMET RURAL,SHAKESPEARE STREET,COMET ,,148.54568577500004,-23.604988085999935,148.54569268621253,-23.60497509031272
CONDAMINE RURAL,WAMBO STREET,CONDAMINE ,,150.13657780200003,-26.925466968999956,150.1365842105155,-26.92545413622006
COOBERRIE RURAL,302 WOODBURY ROAD,YEPPOON ,,150.69418000000007,-23.053069999999934,150.6941867737209,-23.05305718602011
COOMERA VALLEY RURAL,GAWLER PLACE,UPPER COOMERA ,,153.2851733130001,-27.89852744899997,153.2851792644775,-27.898514923582105
COOMINYA RURAL,RAILWAY STREET,COOMINYA ,,152.50180070900012,-27.39056076299994,152.5018068092815,-27.390548155344362
COORANGA NORTH RURAL,CORNER OF IRONPOT ROAD AND JANDOWAE ROAD,BELL ,,151.40539,-26.765549999999962,151.40539629189223,-26.76553728197592
COOWONGA RURAL,COOWONGA ROAD,COOWONGA ,,150.73123288700003,-23.30427181699997,150.73123963066877,-23.304259008478144
COOYAR TOWN RURAL,CORNER OF FERGUS STREET AND MUNRO STREET,COOYAR ,,151.83207442000003,-26.98124060699996,151.83208064138577,-26.981227931144183
COPPABELLA RURAL,MATHIESON STREET,COPPABELLA ,,148.36218304200008,-21.90353272699997,148.36219013151234,-21.903519702254567
COVERTY RURAL,202 COVERTY ROAD,COVERTY ,,151.50301313500006,-26.29090678199998,151.50301947195882,-26.29089406938472
CRACOW RURAL,CORNER OF THIRD AVENUE AND SIXTH AVENUE,CRACOW ,,150.30075255400004,-25.293700814999966,150.30075912419716,-25.293687983854056
CRANKS AVENUE RURAL,27 LUTHJE ROAD,MONTO ,,151.12598233800009,-24.87027391099997,151.12598887413526,-24.870261151644375
CROYDON RURAL,CORNER OF BROWN STREET AND SIRCOM STREET,CROYDON ,,142.24250863500004,-18.202451026999938,142.2425164832989,-18.202437550334977
CRYSTAL WATERS VILLAGE RURAL,KILCOY LANE,CRYSTAL WATERS ,,152.718441277,-26.781641374999936,152.71844742940723,-26.781628783900935
CUNGULLA RURAL,"FRANK RANDELL DRIVE, FRANK RANDELL DRIVE, CUNGULLA QLD 4816",CUNGULLA ,,147.10729499100012,-19.39622892899996,147.10730240280873,-19.396215784193192
CURRA RURAL,DAVID DRIVE,CURRA ,,152.57934892800006,-26.083498534999933,152.5793551798418,-26.08348592455225
CURRUMBIN VALLEY RURAL,6 BRAEWOOD DRIVE,CURRUMBIN VALLEY ,,153.38989992000006,-28.21449658399996,153.38990581916664,-28.214484071702593
CURTIS ISLAND RURAL,TURTLE STREET,CURTIS ISLAND ,,151.31013062300008,-23.756742264999957,151.31013726540348,-23.756729513666773
DAINTREE RURAL,CORNER OF DOUGLAS ROAD AND OSBORNE ROAD,DAINTREE ,,145.32176641400008,-16.250605150999945,145.32177419369253,-16.25059184992281
DAJARRA TOWN RURAL,CARMODY STREET,DAJARRA ,,139.51624900000002,-21.69474699999995,139.51625686678662,-21.69473341416626
DALMA RURAL,2070 STAWELL-WAROULA ROAD,DALMA ,,150.24526000000003,-23.347869999999944,150.2452667825411,-23.347857148010377
DALRYMPLE HEIGHTS RURAL,1 NORTH STREET,EUNGELLA ,,148.49389662400006,-21.13102865099995,148.49390377481808,-21.131015630576744
DAYBORO AND DISTRICT RURAL,LACEY'S CREEK ROAD,DAYBORO ,,152.80619000000002,-27.188199999999938,152.80619609286106,-27.188187420851957
DELANEYS CREEK RURAL,2 DASHER COURT,DELANEYS CREEK ,,152.78794100000005,-27.002569999999935,152.78794711784207,-27.002557417562052
DINGO TOWN RURAL,CAIRNS STREET,DINGO ,,149.3310188160001,-23.643608779999965,149.33102565115558,-23.643595850558338
DOONAN RURAL,"LOT 143,  EUMUNDI - NOOSA ROAD",DOONAN ,,153.02183958000012,-26.44685503599993,153.02184574241195,-26.44684247248651
DUARINGA TOWN RURAL,CNR MARY AND EDWARD ST,DUARINGA ,,149.66879763600002,-23.718696385999976,149.66880443249298,-23.718683486298698
DULULU RURAL,CORNER OF BURNETT HIGHWAY AND BRYANT STREET,DULULU ,,150.2626853480001,-23.847482209999953,150.26269207644842,-23.847469363680126
DUMBLETON RURAL,SUGAR SHED ROAD,DUMBLETON ,,149.0953767100001,-21.11455867999996,149.09538381405025,-21.11454570951737
DUNDOWRAN RURAL,LOWER MOUNTAIN ROAD,DUNDOWRAN ,,152.76424047900002,-25.29485384999998,152.7642468075907,-25.294841251459452
DUNMORA RURAL,OLD GAYNDAH ROAD,DUNMORA ,,152.57149592500002,-25.51779451799996,152.57150224567138,-25.517781902205225
DURONG RURAL,8929 WONDAI - CHINCHILLA ROAD,DURONG ,,151.24395618300002,-26.394976104999955,151.24396253467862,-26.394963368909707
EAST BOORAL RURAL,"LOT 15,  OSLOVE DRIVE",BOORAL ,,152.91264017800006,-25.36232530899997,152.91264648404652,-25.362312725788097
CALAVOS RURAL,100 WELCH STREET,ELLIOTT HEADS ,,152.48877440100011,-24.908869697999933,152.48878080206225,-24.908857069107306
ETON RURAL,18 BARRIER STREET,ETON ,,148.97366044300009,-21.265427519999946,148.97366754240036,-21.265414540532472
EUDLO RURAL,"LOT 50, ROSEBED STREET",EUDLO ,,152.9570256730001,-26.725342557999966,152.95703180756186,-26.72532999022089
EUKEY RURAL,EUKEY ROAD,EUKEY ,,151.97304321000001,-28.775051849999954,151.97304919776383,-28.775039201712136
EUMUNDI RURAL,150 NAPIER ROAD,EUMUNDI ,,152.95256854700006,-26.476017041999967,152.95257471289884,-26.476004471779053
EURONG RURAL,JARVIS STREET,EURONG ,,153.12476807500002,-25.511537318999956,153.12477434222092,-25.511524758279087
FERNVALE RURAL,BRISBANE VALLEY HIGHWAY,FERNVALE ,,152.65342437100003,-27.456492861999948,152.6534304468165,-27.45648026981857
FINCH HATTON RURAL,54 MACKAY EUNGELLA ROAD,FINCH HATTON ,,148.63560486100005,-21.13920608899997,148.63561199963982,-21.139193080311635
FLINDERS PEAK RURAL,9 FLINDERS - DOLOMITE ROAD,PEAK CROSSING ,,152.72193807100007,-27.789165683999954,152.72194409785268,-27.789153101226628
FORESHORES RURAL,INTREPID DRIVE,FORESHORES ,,151.49427571700005,-24.104259836999972,151.4942823039218,-24.104247105815645
FOREST PINES RURAL,ROSELLA AVENUE,THE PINES ,,150.9810460870001,-27.979649777999953,150.9810522830459,-27.979637030000543
FORSAYTH AND DISTRICT RURAL,SECOND STREET,FORSAYTH ,,143.6018558300001,-18.589007167999966,143.60186355717337,-18.58899377450768
FREESTONE AND DISTRICT RURAL,FREESTONE ROAD,WARWICK ,,152.14068973300004,-28.115159779999942,152.14069578340147,-28.115147142783297
GARGETT RURAL,OFF GARGETT SEPTIMUS ROAD,GARGETT ,,148.7417180980001,-21.15772638699997,148.74172522635166,-21.157713387256486
GATTON SPRINGDALE RURAL,GATTON-ESK ROAD,CLARENDON ,,152.3337100000001,-27.49891999999994,152.33371610505282,-27.49890737672799
GEMFIELDS RURAL,10 FLAGON ALLEY,SAPPHIRE ,,147.7195688690001,-23.465552542999944,147.7195758695337,-23.465539479528545
GEORGETOWN RURAL,GULF DEVELOPMENT ROAD,GEORGETOWN ,,143.54699063400005,-18.29018082999994,143.54699838524948,-18.29016743064315
GILSTON ADVANCETOWN RURAL,442 NERANG MURWILLUMBAH ROAD,ADVANCETOWN ,,153.28125655700012,-28.02849613199993,153.2812624921886,-28.028483607205544
GIN GIN RURAL,54 CRAWLERS ROAD,GIN GIN ,,151.95862154600002,-24.95353289899998,151.95862799259126,-24.953520218965846
GIVELDA RURAL,CORNER OF MATTS ROAD AND PINE CREEK ROAD,GIVELDA ,,152.16120716700004,-25.003158707999944,152.16121358836168,-25.003146047921575
GLADFIELD MARYVALE RURAL,CUNNINGHAM HIGHWAY,WARWICK ,,152.24563245000002,-28.059705678999933,152.24563849558365,-28.059693051542673
GLASS HOUSE MOUNTAINS RURAL,RYAN STREET,GLASS HOUSE MOUNTAINS ,,152.95838700000002,-26.89747699999998,152.95839311301876,-26.89746443373092
GLASTONBURY RURAL,BROOYAR ROAD,GLASTONBURY ,,152.51971157200012,-26.21398921399998,152.51971781410663,-26.21397659872919
GLENCOE RURAL,80 MCLEAN ROAD,DURONG ,,151.3694798470001,-26.38371415399996,151.36948618698162,-26.383701429564073
GLENMORGAN RURAL,GODFREY STREET,GLENMORGAN ,,149.67698154100003,-27.248119823999957,149.67698796379236,-27.248106953313687
GLENWOOD RURAL,CORNER OF JAMES ROAD AND ARBOR TEN ROAD,GLENWOOD ,,152.60679853600004,-25.930632104999972,152.60680480354844,-25.93061949602767
GLOUCESTER RURAL,42 OLIVE STREET,DINGO BEACH ,,148.49698023100007,-20.092605333999927,148.4969874776624,-20.09259230507664
GOGANGO RURAL,14 WILLS STREET,GOGANGO ,,150.04336428300007,-23.665015574999927,150.04337105070914,-23.66500270769264
GOODWOOD RURAL,"LOT 121, GOODWOOD ROAD",GOODWOOD ,,152.41051692100007,-25.14639233099996,152.41052330151993,-25.14637969637323
GOOMBOORIAN RURAL,TIN CAN BAY ROAD,GOOMBOORIAN ,,152.7759522240001,-26.08735875499997,152.7759584555424,-26.087346164042966
GOOMBUNGEE RURAL,CORNER OF COOKE STREET AND HADENS STREET,GOOMBUNGEE ,,151.85279787900004,-27.29724943399998,151.85280406038507,-27.297236762627897
GOOVIGEN RURAL,STONES CRESCENT,GOOVIGEN ,,150.28466891100004,-24.146110895999982,150.28467560579415,-24.146098054092185
GOWRIE LITTLE PLAIN RURAL,GOWRIE STREET,KINGSTHORPE ,,151.8174322530001,-27.479286143999957,151.81743841634304,-27.479273470678702
GOWRIE LITTLE PLAIN RURAL,JUNCTION DRIVE,GOWRIE JUNCTION ,,151.8969901590001,-27.485820471999943,151.8969963129281,-27.485807806350167
GOWRIE LITTLE PLAIN RURAL,YALANGUR-LILYVALE ROAD,MERINGANDAN WEST ,,151.8814300030001,-27.425068704999944,151.8814361659345,-27.425056037379342
GOWRIE MOUNTAIN RURAL,CORNER OF JANNUSCHS COURT AND ROWLAND COURT,GOWRIE MOUNTAIN ,,151.82172064700012,-27.516468655999972,151.82172680540583,-27.51645598338144
GRACEMERE RURAL,PLATEN STREET,GRACEMERE ,,150.4569635260001,-23.434537854999974,150.4569702803943,-23.434525022703124
GRANDCHESTER RURAL,GILLAMS RD,GRANDCHESTER ,,152.4662809890001,-27.666396850999945,152.4662870590187,-27.66638424202921
GRANTHAM RURAL,1 CHRISTOPHER STREET,GRANTHAM ,,152.20168625000008,-27.57291984699998,152.20169236028556,-27.572907211451447
GRASSTREE RURAL,40 ZELMA STREET,GRASSTREE BEACH ,,149.30627200000004,-21.360734999999977,149.30627906326575,-21.360722049495056
GREAT KEPPEL ISLAND RURAL,GREAT KEPPEL ISLAND RESORT,GREAT KEPPEL ISLAND ,,150.93735000000004,-23.18306999999993,150.93735673835525,-23.183057209347364
GREENBANK RURAL,143-145 ISON ROAD,GREENBANK ,,152.95870069900002,-27.700744932999953,152.9587067112158,-27.70073237312738
GREYMARE RURAL,MOUNTAIN MAID ROAD,WARWICK ,,151.76908584900002,-28.198729192999963,151.76909193068929,-28.198716520692
GUANABA RURAL,33 TARATA ROAD,GUANABA ,,153.25223800000003,-27.93755903899995,153.25224395006342,-27.93754651055091
GUNALDA RURAL,42 BALKIN STREET,GUNALDA ,,152.56300324000006,-25.994612278999966,152.563009504223,-25.99459966622508
GUNALDA RURAL,1301 ANDERLEIGH ROAD,ANDERLEIGH ,,152.68012428500003,-25.999938072999953,152.6801305368093,-25.999925471834384
GUNDIAH RURAL,OLD GYMPIE ROAD,GUNDIAH ,,152.54100793200007,-25.827963728999976,152.54101421849094,-25.827951112714018
GYMPIE SOUTH RURAL,CORNER OF LAWSON ROAD AND REGAN ROAD,MCINTOSH CREEK ,,152.63834423200012,-26.233038402999966,152.63835045974218,-26.23302579957877
HABANA RURAL,YAKAPARI HABANA STREET,HABANA ,,149.07705510900007,-21.038015779999967,149.07706222185206,-21.038002807326
HADEN AND DISTRICT RURAL,COLLINS ROAD,HADEN ,,151.8816274500001,-27.22345281099996,151.88163363714395,-27.223440141807213
HATTONVALE SUMMERHOLM RURAL,WOOLSHED CREEK ROAD,PLAINLAND ,,152.46220000000005,-27.575089229999946,152.4622060817609,-27.57507661990966
HAY POINT RURAL,HAYPOINT ROAD,HAY POINT ,,149.2870698370001,-21.294859703999975,149.28707690822185,-21.294846751303332
HERONVALE RURAL,13 PITCAIN AVENUE,HERONVALE ,,148.29545879700004,-20.10981819999995,148.29546605738238,-20.1098051547799
HERVEYS RANGE RURAL,KATHERINE ROAD,HERVEY RANGE ,,146.45144000000005,-19.375399999999956,146.45144746175052,-19.37538680587254
HOLLYWELL DALGANGAL RURAL,28 MT ROSE STREET,EIDSVOLD ,,151.11784632800004,-25.371053375999963,151.1178528088697,-25.371040619951724
HORSESHOE BAY RURAL,HORSESHOE BAY ROAD,MAGNETIC ISLAND ,,146.86273864700001,-19.12654733599993,146.8627460992766,-19.12653417038086
HOWARD TORBANLEA RURAL,STELEY STREET,HOWARD ,,152.56689349200008,-25.321090802999947,152.56689983662173,-25.321078185153482
ILBILBIE RURAL,PACIFIC AVENUE,ILBILBIE ,,149.44824900800006,-21.680777730999978,149.44825602834544,-21.680764795339545
ILFRACOMBE RURAL,CHURCH STREET,ILFRACOMBE ,,144.5089620000001,-23.488115999999934,144.5089692975022,-23.488102704266446
INNOT HOT SPRINGS RURAL,KENNEDY HIGHWAY,INNOT HOT SPRINGS ,,145.237298,-17.66723499999995,145.23730568012041,-17.667221705203577
IREDALE FLAGSTONE RURAL,LOCKYER CREEK ROAD,HELIDON ,,152.12497026500012,-27.558775924999964,152.12497638534313,-27.55876328189925
IREDALE FLAGSTONE RURAL,SCHOOL ROAD,FLAGSTONE CREEK ,,152.1166280540001,-27.616562339999973,152.11663416820227,-27.616549696546173
IRONPOT RURAL,IRONPOT CREEK ROAD,IRONPOT ,,151.4293499690001,-26.61346171899993,151.4293562760989,-26.613449002019262
IRVINEBANK RURAL,CORNER OF IBIS ROAD AND JESSIE ROAD,IRVINEBANK ,,145.20545216000005,-17.429158351999945,145.20545985991066,-17.429145053006376
JIMBOOMBA RURAL,22 JOHNANNA STREET,JIMBOOMBA ,,153.02506094700004,-27.829085620999933,153.02506693573463,-27.82907306879055
JONDARYAN RURAL,DUKE STREET,JONDARYAN ,,151.59183183200003,-27.368633000999978,151.59183803300058,-27.36862030533616
JULATTEN RURAL,2 MT KOOYONG ROAD,JULATTEN ,,145.34041469200008,-16.594057816999964,145.34042244520168,-16.594044520145353
JUNDAH TOWN RURAL,28 MILES STREET,JUNDAH ,,143.05967543200006,-24.833627561999947,143.0596827709076,-24.833614185846706
KAIMKILLENBUN RURAL,MOFFAT STREET,KAIMKILLENBUN ,,151.4343058070001,-27.060633218999953,151.43431206130202,-27.06062050603335
KALAPA RURAL,BLACK MT ROAD,KALAPA ,,150.26772000000005,-23.51051999999993,150.26772676346624,-23.51050715135728
KALBAR RURAL,"GEORGE STREET, GEORGE STREET, KALBAR QLD 4309",KALBAR ,,152.62394100500012,-27.94080053299996,152.6239470235842,-27.940787941714415
KANDANGA RURAL,MULLER ROAD,DAGUN ,,152.67365753400009,-26.321738194999966,152.67366374735315,-26.32172559578377
KANDANGA RURAL,81 MAIN STREET,KANDANGA ,,152.68013465600006,-26.386633246999963,152.68014086077721,-26.386620648945684
KARARA RURAL,CORNER OF TOOWOOMBA ROAD AND TOWN ROAD,KARARA ,,151.56580000000008,-28.207449999999938,151.56580610344898,-28.207437308437697
KARRAGARRA ISLAND RURAL,11 NOYES PARADE,KARRAGARRA ISLAND ,,153.3701900000001,-27.636823999999933,153.37019597585038,-27.636811481155917
KENILWORTH RURAL,CORNER OF ANNE STREET AND PHILLIPS STREET,KENILWORTH ,,152.72666900000002,-26.594649999999945,152.7266751745361,-26.59463740822313
KENNEDY VALLEY RURAL,ELLERBECK ROAD,CARRUCHAN ,,145.93698000000006,-18.231429999999932,145.93698758978888,-18.231416758912328
KEPPEL SANDS RURAL,MUSA DRIVE,KEPPEL SANDS ,,150.7909519530001,-23.324065937999933,150.7909586892224,-23.324053135093177
KERRY RURAL,1488 KERRY ROAD,KERRY ,,153.0277400000001,-28.10481999999996,153.02774595332255,-28.104807450223102
KIEL MOUNTAIN ROAD RURAL,682 DIDDILLIBAH ROAD,KIELS MOUNTAIN ,,153.02534708500002,-26.64716471899993,153.02535322220115,-26.647152157443482
KILKIVAN RURAL,26 BLIGH STREET,KILKIVAN ,,152.24159397300002,-26.085668539999972,152.24160025872757,-26.08565589649489
KILLARNEY DISTRICT RURAL,IVY STREET,KILLARNEY ,,152.29721794900001,-28.33283884399998,152.29722395491868,-28.332826223699236
KIN KIN RURAL,59 MAIN STREET,KIN KIN ,,152.87516135700002,-26.262912539999945,152.87516755703746,-26.262899960333627
KOAH RURAL,249 KOAH ROAD,KURANDA ,,145.54976900100007,-16.876186304999976,145.5497767201423,-16.876173025058005
KOGAN AND DISTRICT RURAL,2 HIGH STREET,KOGAN ,,150.7569936210001,-27.03703991499998,150.7569999504831,-27.03702713903124
KOUMALA RURAL,BULL STREET,KOUMALA ,,149.24321305700005,-21.606490901999962,149.24322010150988,-21.606477948182985
KOWANYAMA RURAL,EDWARD RIVER ROAD,KOWANYAMA ,,141.7505221790001,-15.48333925199995,141.75053021960878,-15.483325725747445
KRAGRA MONOGORILBY RURAL,MONOGORILBY ROAD,MONOGORILBY ,,151.0104790360001,-26.052939066999954,151.01048545073422,-26.052926306499263
KURANDA MYOLA RURAL,203 MYOLA ROAD,KURANDA ,,145.60491163900008,-16.807542729999966,145.60491935985988,-16.8075294533213
KUREELPA RURAL,CORNER OF BULLOCK COURT,KUREELPA ,,152.89939000000004,-26.610089999999957,152.89939615480068,-26.610077425536858
KYBONG RURAL,BURRIDGE ROAD,KYBONG ,,152.735247887,-26.292868948999967,152.7352540975976,-26.292856355654944
KYNUNA RURAL,SCHOOL ROAD,KYNUNA ,,141.92050299100003,-21.576920048999966,141.92051065546,-21.576906581890324
LAMB ISLAND RURAL,4 LUCAS DRIVE,LAMB ISLAND ,,153.3735200000001,-27.63016799999997,153.37352597634526,-27.63015548144222
LANDSBOROUGH RURAL,49 MALENY ROAD,LANDSBOROUGH ,,152.95909870200012,-26.804461635999928,152.95910482651783,-26.80444906906021
LITTLE MULGRAVE RURAL,LITTLE MULGRAVE ROAD,MOUNT PETER,,145.7136571530001,-17.13585488299998,145.71366484212055,-17.135841616757464
LOCKYER WATERS RURAL,"LOT 18, ",LOCKYER WATERS ,,152.41655066200008,-27.45325308699995,152.41655676372642,-27.453240471471698
LOGAN VILLAGE RURAL,1464 WATERFORD-TAMBORINE ROAD,LOGAN VILLAGE ,,153.1010897980001,-27.786159735999945,153.10109578391064,-27.78614719109674
LOWER BEECHMONT RURAL,2 MIRANI STREET,LOWER BEECHMONT ,,153.23565400000007,-28.064348999999936,153.23565993558734,-28.06433647086675
LOWER MOUNT WALKER RURAL,1-13 MCCORMACK ROAD,LOWER MOUNT WALKER ,,152.51256000000012,-27.71178999999995,152.51256605934898,-27.711777395934643
LOWER SILVER VALLEY RURAL,CORNER OF SILVER VALLEY ROAD AND SHADY CREEK ROAD,INNOT HOT SPRINGS ,,145.28609353500008,-17.63312031199996,145.2861012144275,-17.633107020259708
LOWMEAD RURAL,CLAYTON ROAD,LOWMEAD ,,151.75352465900005,-24.533299212999964,151.75353117331954,-24.533286509904197
MACLEAY ISLAND RURAL,HIGH CENTRAL ROAD,MACLEAY ISLAND ,,153.3553310000001,-27.608930999999927,153.35533698102714,-27.608918479424393
MAIDENWELL AND DISTRICT RURAL,KINGAROY COOYAR RD,MAIDENWELL ,,151.79831664200003,-26.847891293999965,151.7983228828156,-26.84787861385868
MALAR BOOIE RURAL,113 HILLSDALE ROAD,KINGAROY ,,151.93730300000004,-26.539706999999964,151.93730926287841,-26.53969433071909
MANY PEAKS RURAL,CHERRY LANE,BUILYAN ,,151.3818550410001,-24.528829929999972,151.38186159089244,-24.52881719173012
MAPLETON RURAL,37 OBI OBI ROAD,MAPLETON ,,152.86284100000012,-26.626264999999933,152.8628471565771,-26.626252422018876
MARBURG DISTRICT RURAL,EDMOND STREET,MARBURG ,,152.58638617400004,-27.565159003999952,152.58639224354573,-27.56514640605325
MARIAN RURAL,MIRABELLAS ROAD,MARIAN ,,148.9352585680001,-21.12832580299994,148.93526568357618,-21.128312819158282
MARLBOROUGH RURAL,29 RAILWAY STREET,MARLBOROUGH ,,149.89185726000005,-22.814070649999962,149.89186412904593,-22.814057762318495
MARMOR RURAL,ROGERS STREET,MARMOR ,,150.70836759300005,-23.680207206999967,150.70837429845912,-23.680194399500923
MAROOCHY RIVER RURAL,11 BANYANDAH STREET,YANDINA ,,152.97210969000002,-26.559375924999983,152.97211584358064,-26.55936335740341
MARYVALE RURAL,5 PADDYS SWAMP ROAD,YEPPOON ,,150.62875000000008,-23.03221999999994,150.6287567816923,-23.0322071799013
MCEUEN RURAL,474 CUSHNIE ROAD,WONDAI ,,151.76126138400002,-26.31721365599998,151.76126769132907,-26.317200968090585
MCKINLAY TOWN RURAL,LANDSBOROUGH HIGHWAY,MCKINLAY ,,141.29044116700004,-21.271888445999934,141.29044890397563,-21.271874942752106
MIDGE POINT RURAL,BUNDERSON AVENUE,MIDGE POINT ,,148.70951479600012,-20.643909814999972,148.70952197518645,-20.643896808260394
MILLSTREAM SOUTH RURAL,WOOROORA ROAD,RAVENSHOE ,,145.43920509400004,-17.66594102199997,145.43921276081358,-17.665927741099434
MIRANI TOWN RURAL,LEICHHART STREET,MIRANI ,,148.8719352480001,-21.165962156999967,148.87194236508716,-21.165949168174187
MONTVILLE RURAL,WESTERN AVENUE,MONTVILLE ,,152.894537,-26.692461999999978,152.8945431451152,-26.69244942571103
MOORE LINVILLE RURAL,83 GEORGE STREET,LINVILLE ,,152.2741594580001,-26.83963761499996,152.27416564977966,-26.839624980697117
MOORE LINVILLE RURAL,19 MAIN STREET,MOORE ,,152.28978716200004,-26.89456330799993,152.28979334548424,-26.894550675656856
MOORE PARK RURAL,34 PALM VIEW DRIVE,MOORE PARK BEACH ,,152.26751600000011,-24.713082999999983,152.26752244506233,-24.713070347874563
MORETON ISLAND RURAL,46-48 WILLIAM LESLIE STREET,COWAN COWAN ,,153.3670400000001,-27.124792999999954,153.36704604154866,-27.124780476777822
MORETON ISLAND RURAL,84 MORETON STREET,MORETON ISLAND ,,153.3700412830001,-27.074685127999942,153.3700473305964,-27.07467260468435
MORETON ISLAND RURAL,73 GOONDALL STREET,KOORINGAL ,,153.42203400000005,-27.348976999999934,153.42204000715944,-27.348964484157978
MOTHAR MOUNTAIN TANDUR RURAL,HARTWIG ROAD,MOTHAR MOUNTAIN ,,152.76468293800008,-26.235709189999966,152.764689152585,-26.235696599117528
MOTHAR MOUNTAIN TANDUR RURAL,1583 NOOSA ROAD,TANDUR ,,152.77050103400006,-26.292285870999933,152.77050724108003,-26.29227328115019
MOUNT BINGA RURAL,"LOT 95,  LEASEA MOUNT ROAD",MOUNT BINGA ,,151.98367000000007,-27.00912999999997,151.98367620198292,-27.00911733891336
MOUNT CAMPBELL RURAL,WALKERS ROAD,ROCKMOUNT ,,152.01507000000004,-27.68366999999995,152.0150761171056,-27.683657347262077
MOUNT GARNET RURAL,AGATE STREET,MOUNT GARNET ,,145.12078118300008,-17.678578177999952,145.1207888700252,-17.678564875351363
MOUNT HALLEN RURAL,59 WINDSOR DRIVE,ESK ,,152.38643110400005,-27.343295990999934,152.38643722248182,-27.34328337165375
MOUNT KELLY RURAL,10 MOUNT KELLY DRIVE,MOUNT KELLY ,,147.3231300000001,-19.66048999999998,147.3231373732951,-19.660476873988348
MOUNT KILCOY SANDY CREEK RURAL,621 SANDY CREEK ROAD,MOUNT KILCOY ,,152.61279000000002,-26.880259999999964,152.6127961513232,-26.88024739923261
MOUNT LARCOM RURAL,50 POPENIA RD,MOUNT LARCOM ,,150.9829389250001,-23.80706860899994,150.98294559170495,-23.807055827706517
MOUNT MAURICE RURAL,MCGRATH ROAD,KIRKWOOD ,,151.21664241200006,-23.922131320999938,151.21664904470208,-23.92211856230796
MOUNT MEE RURAL,THOMAS ROAD,MOUNT MEE ,,152.76892800000007,-27.060415999999975,152.76893411267574,-27.060403416132075
MOUNT MOLLOY RURAL,MAIN STREET,MOUNT MOLLOY ,,145.336417352,-16.673194956999964,145.33642509958918,-16.673181660546707
MOUNT MORT RURAL,CORNER OF GREYS PLAINS ROAD AND ALPERS ROAD,MOUNT MORT ,,152.42473991200006,-27.802086567999936,152.42474596973878,-27.80207395602004
MOUNT NEBO RURAL,124 LINDSAY ROAD,MOUNT GLORIOUS ,,152.76829400000008,-27.33339399999994,152.7683000788182,-27.333381418234058
MOUNT SURPRISE RURAL,GULF DEVELOPMENT ROAD,MOUNT SURPRISE ,,144.32394369700012,-18.14534939999993,144.32395140424688,-18.145336048431247
MOUNT WALKER RURAL,ROSEWOOD-WARILL VIEW ROAD,MOUNT WALKER WEST ,,152.53584177300002,-27.780335314999945,152.535847821285,-27.780322713764786
MUDGEERABA RURAL,415 SPRINGBROOK ROAD,MUDGEERABA ,,153.32837200000006,-28.09643399999993,153.32837792124465,-28.096421480520142
MULGOWIE RURAL,BECKMAN ROAD,MULGOWIE ,,152.36235781900007,-27.729877080999984,152.36236389249612,-27.729864462345386
MUMBEANNA RURAL,CORNER OF HERRON ROAD AND EEL CREEK ROAD,PIE CREEK ,,152.61924261600007,-26.24116967799995,152.619248844696,-26.241157072757044
MUNGAR YERRA RURAL,20 KAURIE STREET,MUNGAR ,,152.5913623350001,-25.601630886999942,152.5913686436712,-25.60161827384367
MURPHYS CREEK RURAL,30 MURPHYS CREEK ROAD,MURPHYS CREEK ,,152.0527124340001,-27.458703380999964,152.05271857434516,-27.45869073012401
MUTDAPILLY RURAL,GIMPLES ROAD,MUTDAPILLY ,,152.65008215300008,-27.752823916999944,152.65008819224343,-27.752811326823085
MUTTABURRA RURAL,CORNISH STREET,MUTTABURRA ,,144.54906554100012,-22.59438595699993,144.54907290350744,-22.594372656742866
MYALL VALLEY RURAL,7 BECKMAN ST,KULPI,,151.6999169710001,-27.186899969999956,151.69992318197805,-27.186887283163472
NANKIN RURAL,SLEIPNER ROAD,NANKIN ,,150.6618400000001,-23.346869999999967,150.66184674532073,-23.34685718551452
NARANGBA RURAL,6 ROBERTS ROAD,NARANGBA ,,152.90187148300004,-27.184847074999936,152.90187756613008,-27.184834505365032
NEBO TOWN RURAL,REYNOLDS STREET,NEBO ,,148.69255065900006,-21.688346080999963,148.6925577411643,-21.688333081619497
NEERDIE RURAL,ANDERLEIGH STREET,NEERDIE ,,152.7568480000001,-26.00435299999998,152.75685424356803,-26.004340406476214
NIKENBAH RURAL,ALLBORG ROAD,NIKENBAH ,,152.80440873600003,-25.317236830999946,152.804415058001,-25.31722423663351
NOME DISTRICT RURAL,2 ALLIGATOR CREEK ROAD,ALLIGATOR CREEK ,,146.95305095600008,-19.388233644999957,146.95305837980533,-19.388220488408464
NOOSA NORTH SHORE RURAL,HOMEPORT ROAD,NORTH SHORE ,,153.04501900000002,-26.387771999999927,153.04502516735957,-26.387759438339135
NORMANTON RURAL,THOMPSON STREET,NORMANTON ,,141.07923653800003,-17.673145492999936,141.07924449762567,-17.67313194975768
NORTH DALLARNIL RURAL,ISIS HIGHWAY,DALLARNIL ,,152.04579578000005,-25.38279560799998,152.04580216822717,-25.382782939851502
NORTH GRANITE BELT RURAL,AMIENS THULIMBAH ROAD,STANTHORPE ,,151.94769507600006,-28.55102205999998,151.94770109437053,-28.551009407540516
NORTH MILLSTREAM RURAL,MILLSTREAM PARADE,MILLSTREAM ,,145.41955685000005,-17.652908801999956,145.4195645190985,-17.652895519628068
NUMINBAH VALLEY RURAL,2148 NERANG-MURWILLUMBAH ROAD,NUMINBAH VALLEY ,,153.22376912000004,-28.138586053999973,153.22377504734305,-28.13857352424572
OAK VALLEY RURAL,56 CHISHOLM TRAIL,OAK VALLEY ,,146.82290000000012,-19.415629999999965,146.8229074310807,-19.415616833828977
OCEAN VIEW RURAL,JAMES STREET,OCEAN VIEW ,,152.81571600000007,-27.13779599999998,152.81572209812202,-27.137783421400137
OGMORE RURAL,DEMPSEY STREET,OGMORE ,,149.663105878,-22.627301019999948,149.66311278592542,-22.627288110797032
ORCHID BEACH RURAL,NGKALA ROAD,ORCHID BEACH ,,153.31496138900002,-24.96113752499997,153.31496770515542,-24.961124979012467
ORMEAU RURAL,31 UPPER ORMEAU ROAD,ORMEAU ,,153.25947368800007,-27.80282191999993,153.2594796545566,-27.802809391224294
PALMWOODS RURAL,MARGARET ST,PALMWOODS ,,152.95702942000003,-26.687554070999965,152.95703555925058,-26.687541502919238
PALUMA RURAL,CORNER OF MOUNT SPEC ROAD AND SMITH CRESCENT,PALUMA ,,146.20678411400002,-19.007547356999964,146.20679162334824,-19.007534141895125
PAMPAS RURAL,"LOT 2,  GORE HIGHWAY",PAMPAS ,,151.41103227500003,-27.791263518999983,151.41103844552075,-27.79125080959149
PENTLAND TOWN RURAL,CORNER OF GILMORE STREET AND MILLS STREET,PENTLAND ,,145.39861700000006,-20.523699999999963,145.3986244505936,-20.523686740250106
PERANGA RURAL,32 DENHAM STREET,PERANGA ,,151.69473693200007,-27.146712520999984,151.69474314831157,-27.146699833353033
PERRY RIVER RURAL,GOODNIGHT ROAD,MORGANVILLE ,,151.9688000000001,-25.210789999999974,151.96880641579034,-25.210777323039178
PERRY SHIRE RURAL,ELLIOT STREET,MOUNT PERRY ,,151.64129016100003,-25.176463294999962,151.64129661262413,-25.17645058648187
EMU CREEK RURAL,PIERCES CREEK ROAD,CROWS NEST ,,151.99709893200009,-27.094031067999936,151.99710512235876,-27.0940184088794
PINE MOUNTAIN DISTRICT RURAL,2 RUSSELLS ROAD,PINE MOUNTAIN ,,152.71371234200012,-27.543529671999977,152.71371840047811,-27.543517086476555
PLANE CREEK RURAL,TARA CREEK ROAD,SARINA ,,149.14387270600002,-21.456051767999952,149.1438797732432,-21.456038804488262
PLANET DOWNS RURAL,"LOT 5, ",GREGORY ,,139.25638000000004,-18.648049999999955,139.25638803818705,-18.648036378642683
PRATTEN BONY MOUNTAIN RURAL,101 WHITE STREET,PRATTEN ,,151.78421568900012,-28.086482385999943,151.7842217826379,-28.08646971426196
PRENZLAU RURAL,278 SCHULZ ROAD,PRENZLAU ,,152.52624536300004,-27.51730861799996,152.5262514449813,-27.517296013749622
PURONO RURAL,PURONO PARKWAY,YABULU ,,146.58304960400005,-19.19763711099995,146.58305707067794,-19.197623925092362
RANGEWOOD RURAL,MT MARGARET DRIVE,RANGEWOOD ,,146.6361426960001,-19.312884763999932,146.63615014931838,-19.312871583006093
RAVENSBOURNE AND PERSEVERANCE RURAL,HAMPTON ESK ROAD,RAVENSBOURNE ,,152.12366179100002,-27.37348958299998,152.123667934035,-27.373476938312127
REDBANK CREEK RURAL,111 O'GRADY ROAD,ESK ,,152.35601000000008,-27.267649999999946,152.3560161310116,-27.267637377080238
REID RIVER RURAL,PLANT HILL ROAD,REID RIVER ,,146.8544720750001,-19.714377743999933,146.85447947873618,-19.714364582721217
RIDGEWOOD RURAL,CORNER OF POULSEN ROAD AND JUBILEE ROAD,CARTERS RIDGE ,,152.76435092400004,-26.451476097999944,152.76435711221856,-26.45146350881684
RIPLEY VALLEY RURAL,238 RIPLEY ROAD,RIPLEY ,,152.80382579100012,-27.69062195799995,152.80383182130421,-27.690609382587635
RIVER HEADS KINGFISHER RURAL,1 MCIVOR STREET,RIVER HEADS ,,152.914505608,-25.415593223999963,152.9145119074167,-25.415580641407924
ROADVALE RURAL,LOT 4 GRAY STREET,ROADVALE ,,152.68364560700002,-27.917226803999938,152.68365162197705,-27.91721421843639
ROCKSBERG MOORINA RURAL,1026 CABOOLTURE RIVER ROAD,ROCKSBERG ,,152.86462435300007,-27.124687995999977,152.86463044757858,-27.124675422169595
ROCKY POINT RURAL,269 SKOPPS ROAD,NORWELL ,,153.33776826200005,-27.775855073999935,153.3377742235115,-27.77584255295579
ROLLESTON RURAL,CNR BROWN STREET AND DAWSON HIGHWAY,ROLLESTON ,,148.62661701000002,-24.46376408499998,148.6266238295524,-24.463751102970463
ROLLINGSTONE RURAL,71 HERALD STREET,ROLLINGSTONE ,,146.40876378400003,-19.04498535299996,146.4087712757647,-19.044972152949498
ROSEDALE RURAL,2 CALLAGHAN STREET,ROSEDALE ,,151.91473684400012,-24.631070190999935,151.914743331926,-24.631057504116892
ROSEVALE RURAL,ELAVESOR DRIVE,ROSEVALE ,,152.49049000000002,-27.86785999999995,152.49049604235915,-27.867847394990267
RUPERTSWOOD RURAL,PROGRESS ROAD,RUPERTSWOOD ,,146.60158300000012,-19.328899999999976,146.6015904545316,-19.32888681657457
RUSSELL ISLAND RURAL,JACKSON ROAD,RUSSELL ISLAND ,,153.3752969740001,-27.65914803299995,153.37530294643523,-27.659135514851766
SAINT LAWRENCE RURAL,3 WILANGI STREET,ST LAWRENCE ,,149.5366670530001,-22.346881834999976,149.53667399993438,-22.346868912518488
SAMFORD RURAL,STATION ROAD,SAMFORD ,,152.88515600000005,-27.368450999999936,152.8851620619458,-27.368438430150892
SAMSONVALE RURAL,CORNER OF KOBBLE CREEK ROAD AND MT SAMSON ROAD,KOBBLE CREEK ,,152.83710100000008,-27.24924999999996,152.8371070819705,-27.249237424414115
SANDY RIDGES RURAL,1849 BURNETT HIGHWAY,SANDY RIDGES ,,152.025495255,-26.51389564599998,152.02550151180938,-26.51388298500087
SANDY STRAITS RURAL,7 SNAPPER DRIVE,POONA ,,152.9111429630001,-25.72071357699997,152.9111492256991,-25.72070099654919
SCRUBBY CREEK RURAL,147 CAMELLIA COURT,MILLMERRAN ,,151.05673879200003,-27.975903615999982,151.05674498003128,-27.975890874970496
SCRUBBY CREEK RURAL,32 CAMELIA COURT,MILLMERRAN ,,151.05673879200003,-27.975903615999982,151.05674498003128,-27.975890874970496
SEAFORTH TOWN RURAL,GEORGE STREET,SEAFORTH ,,148.967564637,-20.902084570999932,148.9675717715269,-20.902071587964347
SILVER SPUR RURAL,RALEIGH ROAD,SILVER SPUR ,,151.27593000000002,-28.900289999999984,151.27593605294967,-28.900277286523032
MOUNT BRISBANE RURAL,ALBERT STREET,SOMERSET DAM ,,152.551758252,-27.116913961999956,152.5517643806682,-27.116901357094306
SOUTH KOLAN RURAL,CHAMBERS ROAD,SOUTH KOLAN ,,152.18539615500003,-24.92715186399994,152.18540258290938,-24.92713920564646
SOUTH NANANGO RURAL,13760 D'AGUILAR HIGHWAY,NANANGO ,,151.97987867900008,-26.691698041999928,151.97988491935797,-26.691685378025085
SPEEWAH RURAL,CORNER OF SPEEWAH ROAD AND WILLIAM SMITH DRIVE,KURANDA ,,145.6008092510001,-16.87505695699997,145.6008169670259,-16.875043680611704
SPRINGBROOK RURAL,3 CARRICKS ROAD,SPRINGBROOK ,,153.26858900000002,-28.19508899999994,153.26859491510263,-28.195076475226656
STANMORE AND DISTRICT RURAL,COVE ROAD,STANMORE ,,152.79403000000002,-26.91196999999994,152.79403612842276,-26.911957417446462
STANTHORPE GROUP,CORNER OF MCKENZIE STREET AND NEW ENGLAND HIGHWAY,STANTHORPE ,,151.91676000000007,-28.65722999999997,151.91676600879137,-28.65721734538948
STANWELL RURAL,STANWELL WAROULA ROAD,STANWELL ,,150.3236023390001,-23.48479810899994,150.32360910011727,-23.484785265142214
STOCKYARD POINT RURAL,STOCKYARD HEIGHTS DRIVE,STOCKYARD ,,150.80555000000004,-22.81243999999998,150.80555678956847,-22.812427194177918
STONEY CREEK RURAL,WILKES ROAD,STONEY CREEK ,,152.7242986990001,-26.900420319999967,152.72430483615676,-26.90040773042864
STUART RIVER RURAL,BUNYA HIGHWAY,KINGAROY ,,151.81560235100005,-26.593447177999963,151.81560862015596,-26.593434497485422
SUGARLOAF RURAL,CORNER OF NEILSENS ROAD AND SUGARLOAF ROAD,STANTHORPE ,,152.0039708710001,-28.697123017999957,152.00397686488233,-28.697110372089483
SUNNYSIDE RURAL,HOMEBUSH ROAD,SARINA ,,149.07326493200003,-21.340432242999952,149.07327201613782,-21.34041927254853
SWAN AND EMU CREEK RURAL,TANNYMOREL MOUNT COLLIERY RD,TANNYMOREL ,,152.24805528700006,-28.29181387699998,152.24806130353997,-28.29180125158926
SWAN AND EMU CREEK RURAL,YANGAN KILARNEY ROAD,YANGAN ,,152.21609727300006,-28.197418528999947,152.2161033048268,-28.197405899744716
TAKURA RURAL,838 TORBANLEA ROAD,TAKURA ,,152.70604274800007,-25.318877863999944,152.70604907935703,-25.318865259882752
TALLEBUDGERA VALLEY RURAL,8 RUSTY COURT,TALLEBUDGERA VALLEY ,,153.37816359600004,-28.173324428999933,153.378169501804,-28.173311915185472
TALWOOD RURAL,CHURCH STREET,TALWOOD ,,149.47233485200002,-28.48439265199994,149.47234116209256,-28.484379773158043
TAMBORINE RURAL,2765 WATERFORD/TAMBORINE ROAD,TAMBORINE ,,153.12806897000007,-27.879898155999967,153.12807494101997,-27.879885614551906
TANBY RURAL,TANBY ROAD,TANBY ,,150.74752000000012,-23.22706999999997,150.74752675046665,-23.22705719232373
TANNUM RURAL,100 TANNUM SANDS ROAD,TANNUM SANDS ,,151.36822979300007,-23.96055970499998,151.3682364075402,-23.96054696078653
TAROMEO RURAL,CORNER OF HART STREET AND BOWMAN ROAD,KINGAROY ,,152.10150499000008,-26.882790727999975,152.10151119471502,-26.882778077281
TARZALI RURAL,THIRD AVENUE,TARZALI ,,145.60295643900008,-17.426304654999967,145.6029641131761,-17.42629138346437
TEEWAH RURAL,CORNER OF STARGAZER STREET AND MULLOWAY STREET,NOOSA NORTH SHORE ,,153.0623065850001,-26.278583142999935,153.06231276411123,-26.278570582198306
THALLON TOWN RURAL,PINE STREET,THALLON ,,148.8659400240001,-28.63679316699995,148.86594638797428,-28.63678023773325
THE PALMS RURAL,PALM DRIVE,THE PALMS ,,152.59008977200006,-26.201336975999936,152.59009600848998,-26.201324367559604
THEEBINE RURAL,THEEBINE ROAD,THEEBINE ,,152.54455684100003,-25.945595701999935,152.5445631129837,-25.94558308701302
THORNTON PEAK RURAL,TEE TREE ROAD,DIWAN ,,145.40354711400005,-16.202499586999977,145.40355489234312,-16.202486291144492
TIARO RURAL,COPENHAGEN STREET,TIARO ,,152.58363574400005,-25.732358321999982,152.5836420377395,-25.73234570914051
TINNANBAR RURAL,36 BORONIA DRIVE,TINNANBAR ,,152.95601521300011,-25.75865730299995,152.9560214666332,-25.75864472734271
TIRROAN RURAL,18 TABLELAND ROAD,GIN GIN ,,151.92542267800002,-25.00221804499995,151.92542912215634,-25.00220536217435
TOOGOOM RURAL,28 SHELLCOTT STREET,TOOGOOM ,,152.6928718690001,-25.25666736599993,152.69287820908926,-25.256654760071683
TOORBUL RURAL,22 FIRST AVENUE,TOORBUL ,,153.09837478800011,-27.033358521999958,153.09838086935633,-27.033345970865323
TRAVESTON RURAL,TRAVESTON ROAD,TRAVESTON ,,152.78294722400005,-26.321500053999955,152.78295342623846,-26.321487465621722
TURKEY BEACH RURAL,WORTHINGTON ROAD,TURKEY BEACH ,,151.6508753390001,-24.07921228899994,151.65088191428256,-24.07919957241506
UPPER FLAGSTONE RURAL,1785 UPPER FLAGSTONE CREEK ROAD,UPPER FLAGSTONE ,,151.98780378200001,-27.617355285999963,151.98780991014,-27.617342630113814
UPPER FLAGSTONE RURAL,120 FLAGSTONE CREEK ROAD,UPPER FLAGSTONE ,,152.0008326950001,-27.609686599999975,152.0008388226511,-27.60967394530857
VALDORA YANDINA CREEK RURAL,269 VALDORA ROAD,VALDORA ,,153.00725557900012,-26.54980118499998,153.00726173015204,-26.549788620848982
VERRIERDALE RURAL,478 VERRIERDALE ROAD,VERRIERDALE ,,152.99821732300006,-26.48400838799995,152.998223483231,-26.483995822415324
VICTORIA PLAINS RURAL,VICTORIA PLAINS ROAD,VICTORIA PLAINS ,,149.00013132100003,-21.18492995799994,149.00013842595965,-21.18491698008103
WALLAVILLE RURAL,51 PRATTS ROAD,GIN GIN ,,152.00432833600007,-25.045866270999966,152.00433476749726,-25.04585359611544
WALSH RIVER RURAL,WALSH RIVER ROAD,WATSONVILLE ,,145.3412408160001,-17.349443967999946,145.34124851299316,-17.34943067764304
WAMURAN RURAL,12 OLD NORTH ROAD,WAMURAN ,,152.86088200000006,-27.04143199999993,152.86088810533724,-27.041419425134695
WARRA RURAL,THORN STREET,WARRA ,,150.91987739800004,-26.92961155699993,150.91988372235167,-26.929598795121745
WARRILL VIEW RURAL,CORNER OF ROSEWOOD ROAD AND BATH ROAD,WARRILL VIEW ,,152.61443000000008,-27.82478999999995,152.6144360341446,-27.824777406864506
WARTBURG RURAL,300 DEEPWATER ROAD,DEEPWATER ,,151.9652528260001,-24.426434729999983,151.96525933265292,-24.426422046289286
WASP CREEK RURAL,66 COLEMAN ROAD,COOMERA ,,153.36373736500002,-27.837865273999967,153.3637433157162,-27.837852756084224
WATTLE CAMP RURAL,548 WATTLECAMP ROAD,NANANGO ,,151.9839090590001,-26.457647018999978,151.9839153268012,-26.45763435354521
WERANGA GORANBA RURAL,"LOT 32A,  FAGANS ROAD",TARA ,,150.69531700000005,-27.279916999999955,150.69532330842765,-27.27990422031432
WEST PITTSWORTH RURAL,7 TIP ROAD,PITTSWORTH ,,151.60772853100002,-27.721288621999975,151.6077346882056,-27.721275930613555
WEST WOOMBYE RURAL,JACKSONS ROAD,WEST WOOMBYE ,,152.9187770000001,-26.66925199999997,152.91878314547836,-26.669239427946962
WESTOWE RURAL,SPRING VALLEY ROAD,YARWUN ,,151.13414000000012,-23.868759999999952,151.13414664613202,-23.86874723319914
WESTWOOD RURAL,"LOT 90, CAPRICORN HIGHWAY",WESTWOOD ,,150.15583866800011,-23.62684102999998,150.15584542943122,-23.6268281723483
WIDGEE DISTRICT RURAL,GYMPIE-WOOLOOGA ROAD,WIDGEE ,,152.43816413600007,-26.20167909399993,152.43817038788023,-26.201666470622307
WILKIE CREEK RURAL,"MOONIE HIGHWAY, VIA HALIFORD",DALBY ,,150.99468032200002,-27.317860682999935,150.99468659360454,-27.31784793108001
WILLOWS RURAL,WILLOWS ROAD,WILLOWS ,,147.53791292300002,-23.737976664999962,147.5379199151612,-23.737963589459074
WINFIELD RURAL,253 ROCKY POINT ROAD,WINFIELD ,,152.01225197400004,-24.52268877299997,152.01225846519122,-24.522676094601042
WITHCOTT RURAL,MEADOWS ROAD,WITHCOTT ,,152.02039573700006,-27.55913081999995,152.02040186866023,-27.55911816679659
WOLFRAM ROAD RURAL,228 PARISE ROAD,DIMBULAH ,,145.0691526290001,-17.127334254999937,145.0691603599743,-17.127320944171462
WOLVI DISTRICT RURAL,"LOT 1, ",WOLVI ,,152.8491120000001,-26.15184258599993,152.8491182162859,-26.151830002842548
WONDECLA RURAL,5 FLAGGY CREEK ROAD,WONDECLA ,,145.3980530980001,-17.426259624999943,145.39806078554534,-17.42624633921564
WONGA BEACH RURAL,11 OLEANDER DRIVE,WONGA BEACH ,,145.4117547290001,-16.35870266099994,145.4117624952823,-16.358689367050648
WOODBURY RURAL,CNR FARNBOROUGH AND WOODBURY RD,WOODBURY ,,150.69126334400005,-23.021154250999928,150.691270121368,-23.021141436489607
WOODGATE RURAL,150 ACACIA STREET,WOODGATE ,,152.55793972000004,-25.103837358999954,152.55794609134557,-25.10382473850154
WOODHILL RURAL,LOT 2 MT LINDSAY HIGHWAY,CEDAR GROVE ,,152.99146875400004,-27.87553775799995,152.99147474050415,-27.875525202785543
WOODLEA RURAL,28 EDWARDS ROAD,GATTON ,,152.2862100000001,-27.59316999999993,152.28621609862464,-27.593157372835876
WOOLOOGA RURAL,WIDE BAY HIGHWAY,LOWER WONGA ,,152.48445954900012,-26.090329401999952,152.48446580960166,-26.090316782269696
WOWAN RURAL,RAILWAY AVENUE,WOWAN ,,150.19705509300002,-23.906476452999982,150.19706182128283,-23.906463601312016
YANDARAN RURAL,SOUTH LITTABELLA ROAD,YANDARAN ,,152.1131973470001,-24.719731336999928,152.113203805908,-24.719718669957643
YANDINA NORTH ARM RURAL,11 MONAK ROAD,YANDINA ,,152.95293366200008,-26.51590160199993,152.9529398229316,-26.515889032135274
YARAKA RURAL,QUILP ST & YARAKA/EMMOT RD,YARAKA ,,144.07643010800007,-24.88529353399997,144.07643733996187,-24.885280221222146
YENGARIE RURAL,MUNGAR ROAD,YENGARIE ,,152.60482628400007,-25.552104878999955,152.60483259728483,-25.55209226677032
YULEBA RURAL,PERRY STREET,YULEBA ,,149.38178300000004,-26.616566999999975,149.3817895225636,-26.61655409882524
ALLORA DISTRICT RURAL,"MUIR STREET, ALLORA QLD 4362",,,151.98470893700005,-28.034778109999934,151.98471501462106,-28.03476545708653
ARMIES RURAL,"ARMSTRONG BEACH ROAD, ARMSTRONG BEACH QLD 4737",,,149.28238945400005,-21.44879754899995,149.2823965106428,-21.44878459719743
BALLOGIE RURAL,"LOT 34, ",,,151.55812939400005,-26.357225394999944,151.5581357175672,-26.357212688120608
BROOWEENA DISTRICT  RURAL,THIRTY-ONE RD,DOONGUL,,152.3680916180001,-25.49966436899996,152.36809796082153,-25.499651733095384
CONONDALE RURAL,"MALENY KENILWORTH ROAD, CONONDALE QLD 4552",,,152.71647408800004,-26.72947010599995,152.7164802470307,-26.729457514289535
GREGORY RIVER RURAL,"LOT 49, ",,,152.254770365,-25.068505990999938,152.2547767697134,-25.068493340539018
HAPPY VALLEY RURAL,YIDNEY DRIVE HAPPY VALLEY 4650,,,153.19935248100012,-25.33767938899996,153.1993587622304,-25.337666834386724
ILKLEY AND DISTRICT RURAL,"LOT 36, ",,,153.04433148700002,-26.72611999999998,153.04433761241307,-26.726107440980957
NOBBY RURAL,11 TOOTH STREET,NOBBY ,,151.90261903300006,-27.85547378299998,151.90262514156464,-27.855461120792658
LAURA RURAL,GLADWELL COURT,LAURA,,144.44673099600004,-15.560164244999953,144.44673887635133,-15.560150879487171
MARTON RURAL,UNIT STREET,COOKTOWN,,145.17780564500003,-15.451287246999982,145.17781349143715,-15.451273929210284
POISON CREEK RURAL,MINKE ROAD,COOKTOWN,,145.16043682800012,-15.453019363999942,145.16044467529423,-15.45300604504337
ROSSVILLE RURAL,CEDAR ROAD,ROSSVILLE,,145.2575201300001,-15.746048997999935,145.25752795046134,-15.746035688186417
TAMBORINE MOUNTAIN RURAL,126 MAIN WESTERN RD,NORTH TAMBORINE ,,153.18042910200006,-27.93639522099994,153.18043506007095,-27.93638268527883
GLEN APLIN RURAL,"LOT 418, WALTERS ROAD",GLEN APLIN,,151.87658716200008,-28.736967535999952,151.8765931655488,-28.73695487815028
GREENBANK RURAL,133 TEVIOT ROAD,GREENBANK,,152.9834734310001,-27.72786844199993,152.9834794370958,-27.72785588482259
HURDLE GULLY BAILEY RURAL,367 AIRPORT ROAD,MONTO,,151.0953226680001,-24.892521520999935,151.0953292046112,-24.892508758982235
LIME HILLS ELLIOT RURAL,"LOT 138, GLENN ROAD",WOODSTOCK,,146.83692418700002,-19.589507219999973,146.8369316025118,-19.589494056349398
LAGOON POCKET RURAL,"LOT 1, MARY VALLEY ROAD",LAGOON POCKET,,152.66365749300007,-26.27129909399997,152.66366371351504,-26.27128649338918
CLARE RURAL,28 NELSON STREET,CLARE,,147.22666352500005,-19.785297696999976,147.2266708947942,-19.785284564615125
PUMICESTONE RURAL,55 ALICE STREET,DONNYBROOK ,,153.06908329300006,-27.003539022999973,153.06908938117263,-27.00352646868124
MOUNT FORBES RURAL,CHAMPIONS WAY,WILLOWBANK ,,152.66844708600001,-27.692882046999955,152.6684531307334,-27.692869458168797
FORDSDALE RURAL,1355 GATTON CLIFTON ROAD,MOUNT WHITESTONE,,152.15883498000005,-27.666099207999935,152.15884108355033,-27.66608656902515
LEFT HAND BRANCH RURAL,,,,152.23392396000008,-27.733151048999957,152.2339300471287,-27.73313841784509
JUNCTION VIEW RURAL,MOUNT SYLVIA ROAD,JUNCTION VIEW,,152.18966870200006,-27.79380372299994,152.18967478652613,-27.793791088020043
CROWS NEST RURAL,LOT 18 TIMBER STREET,CROWS NEST,,152.05386008900007,-27.27856060099998,152.05386625104285,-27.27854794881327
ADELAIDE PARK RURAL,724A ADELAIDE PARK ROAD,ADELAIDE PARK,,150.68840397500003,-23.086048412999958,150.6884107457249,-23.08603559876836
TIRROAN RURAL,TOBINS SHORTCUT ROAD,HORSE CAMP,,151.87578813200003,-25.09311299099994,151.87579457044677,-25.093100304155815
AGNES WATER RURAL,2863 ROUND HILL ROAD,AGNES WATER,,151.89317135800002,-24.219985176999955,151.89317789495806,-24.21997248467447
MOUNT BLACKWOOD RURAL,3022 BRUCE HIGHWAY,KUTTABUL ,,148.92122099100004,-21.05168092699995,148.9212281149931,-21.051667941337417
STANAGE RURAL,131 BANKSIA ROAD,STANAGE,,150.04564317200004,-22.136573796999983,150.0456500969221,-22.136560917218052
MOUNT FOX RURAL,2957 MUONT FO ROAD,MOUNT FOX,,145.7940348290001,-18.819479241999943,145.7940423828451,-18.819465995717866
NERIMBERA RURAL,26 STOVER ROAD,NERIMBERA,,150.59532273000002,-23.401551222999956,150.5953294754576,-23.40153840293024
GAETA RURAL,Lot 100 Gaeta Road,Gaeta,,151.58938684600002,-24.879772728999967,151.5893933365048,-24.879760013149866
IMAGE FLAT COOLOOLABIN RURAL,368 KIAMBA ROAD,KIAMBA,,152.91361916100004,-26.566046451999966,152.91362531977663,-26.566033878605708
BUTLERVILLE RURAL,TARGINNIE ROAD TARGINNIE 4694,,,151.09474713600002,-23.754325214999938,151.0947537982619,-23.75431244360344
COEN RURAL,20 SHEPHARD STREET,COEN,,143.19847999,-13.945928060999961,143.198488044045,-13.945914603820935
ARCHER ULAM RURAL,924 UPPER ULAM ROAD,BAJOOL,,150.54468900000006,-23.63746699999996,150.54469572491604,-23.637454177294188
THE CAVES RURAL,22 BARMOYA ROAD,THE CAVES,,150.46132760000012,-23.176054799999974,150.46133438129485,-23.176041965958213
SCOTT RURAL,1032 WOODSTOCK RD,GIRU,,147.03446200000008,-19.571700999999962,147.0344694023301,-19.571687851130363
GOOMERI RURAL,35 MOORE ST,GOOMERI,,152.06739842100012,-26.181626361999975,152.06740471300472,-26.181613702383565
WALLUMBILLA RURAL,1-3 RUSSELL ST,WALLUMBILLA,,149.19132491000005,-26.582397269999944,149.19133145641104,-26.582384352275614
WALLANGARRA RURAL,,WALLANGARRA,,151.93091500000003,-28.92051399999997,151.93092097456753,-28.92050134878138
CANUNGRA RURAL,2092 BEAUDESERT NERANG RD,CANUNGRA,,153.17223926200006,-28.020999012999937,153.17224521012847,-28.020986477115798
NORTH STRADBROKE ISLAND RURAL,9 HEXTON ST,AMITY POINT,,153.4422296570001,-27.398325701999966,153.44223565569575,-27.39831318860862
CHARTERS TOWERS RURAL,19 BURDEKIN ST,RICHMOND HILL,,146.26763084800007,-20.066771664999976,146.26763826713227,-20.066758463216292
CLOYNA RURAL,37 CLOYNA RD,CLOYNA,,151.8413296440001,-26.107924311999966,151.84133596771218,-26.10791163006114
COOYAR DISTRICT RURAL,6 FERGUS ST,COOYAR,,151.83228982900005,-26.981286616999967,151.83229605035746,-26.98127394116516
FEDERAL RURAL,25 MIDDLE CREEK RD,FEDERAL,,152.79363515600005,-26.392117542999983,152.79364134849678,-26.39210495625127
IRONGATE ROSSVALE RURAL,JONDARYN/MT TYSON ROAD,MT TYSON,,151.57090703000006,-27.572571799999935,151.5709132090021,-27.57255910395894
LAKE EACHAM RURAL,MOORE ROAD,LAKE EACHAM,,145.6505960830001,-17.311647810999943,145.6506037627947,-17.311634541825207
MACLAGAN RURAL,BUNYA MOUNTAINS/MACLAGAN ROAD,MACLAGAN,,151.63270853500012,-27.083940086999974,151.63271476538378,-27.083927392963687
MAJOR CREEK RURAL,MAJOR CREEK ROAD,MAJOR CREEK,,146.90065928,-19.59863452999997,146.90066669000385,-19.59862137122635
MUNGALLALA RURAL,REDFORD RD,MUNGALLALA,,147.54312923400005,-26.44757687899994,147.54313596959975,-26.447563825467657
MUTCHILBA RURAL,79 MARSTERSON ST,MUTCHILBA,,145.2080391510001,-17.138269640999965,145.20804687227172,-17.13825633971095
PECHEY GROOMSVILLE RURAL,ACRES RD,GROOMSVILLE,,151.97813873000007,-27.30826647999993,151.978144896585,-27.308253820748156
RATHDOWNEY RURAL,2 RUNNING CREEK RD,RATHDOWNEY,,152.8654377900001,-28.21073801999995,152.8654437478079,-28.210725454806607
RIVERLEIGH RURAL,COONAMBULA EIDSVOLE RD,RIVERLEIGH,,151.21197637000012,-25.584281869999927,151.21198281747147,-25.584269124424644
SAUNDERS BEACH RURAL,SAUNDERS BEACH RD,SAUNDERS BEACH,,146.60282835500004,-19.15826058199997,146.60283582347515,-19.15824739722647
TINAROO RURAL,TINAROO FALLS DAM RD,TINAROO,,145.54366361300004,-17.17244169199995,145.5436713102185,-17.172428414161097
TOOGOOLAWAH RURAL,CRESSBROOK ST,TOOWOOLAWAH,,152.37774304700008,-27.086665681999932,152.3777491978236,-27.086653059771542
ABBOT POINT RURAL,BRUCE HWY,BOWEN,,148.12059939000005,-20.008043504999932,148.12060667285024,-20.00803044478628
ALLANDALE RURAL,291 EVANS RD,MILFORD,,152.70439610100004,-28.023252756999966,152.70440210036344,-28.023240174323664
BAMBAROO RURAL,BAMBAROO RD,BAMBAROO,,146.19002402500007,-18.86741458499995,146.19003154677281,-18.86740136749675
BARAMBAH RURAL,CNR MUNUMBAR AND MAIN CREEK RD,BARAMBAH,,152.27618360500003,-26.39699341399995,152.27618984993936,-26.39698077636021
BLUEWATER ESTATES RURAL,353 FORESTRY ROAD,BLUEWATER PARK,,146.5234447250001,-19.198141930999952,146.52345219597368,-19.198128740686382
BOOLBOONDA RURAL,3064 GIN GIN MOUNT PERRY RD,BOOLBOONDA,,151.69412964800006,-25.065635493999935,151.6941361071909,-25.06562278959828
BOWEN DELTA RURAL,LINLEY STREET,MERINDA,,148.1685126120001,-20.014512563999972,148.16851989064355,-20.014499507701004
BRYDEN RURAL,2 MACFARLANE RD,BRYDEN,,152.58196253900007,-27.26550765999997,152.58196864613848,-27.265495059249456
BUNGADOO AND DISTRICT RURAL,2359 BUCCA RD,BULLYARD,,152.06178324600012,-24.950808837999944,152.06178968300352,-24.950796167879048
DALVEEN RURAL,PINE CRESCENT,DALVEEN,,151.97294421700008,-28.49031485599994,151.97295023999095,-28.490302205499322
DAVIES CREEK RURAL,SABIN ROAD EAST,MAREEBA,,145.51940563900007,-16.99410898499997,145.5194133511904,-16.994095703950332
EAST NANANGO RURAL,BRIGHTS RD,EAST NANANGO,,152.0257543790001,-26.67775015899997,152.02576061623458,-26.677737499333304
EINASLEIGH RURAL,DAINTREE RD,EINASLEIGH,,144.09441128700007,-18.51345656199993,144.09441898437424,-18.51344319877207
FELTON BROXBURN RURAL,HOMESTEAD RD,FELTON,,151.67456976800008,-27.782993101999978,151.67457591045252,-27.78298041744233
GLADFIELD MARYVALE RURAL,81 MARYVALE RD,MARYVALE,,152.24097924300008,-28.067432621999956,152.24098528814451,-28.06741999415023
GLENRAE RURAL,385 MUNDUBBERA DURONG RD,BOYNEWOOD,,151.30189448900012,-25.60732393199993,151.30190092489025,-25.60731119500332
GREENVALE TOWN RURAL,REDBANK DRIVE,GREENVALE,,144.98323112900005,-19.002421813999945,144.98323872727423,-19.00240851318021
GROPER CREEK RURAL,1305 GROPER CREEK RD,GROPER CREEK,,147.52999060600007,-19.690834692999942,147.5299979612619,-19.690821583298586
HAMPTON RURAL,CNR HAMPTON RD AND THOMAS ST,HAMPTON,,152.06782919800003,-27.356255560999955,152.06783534913646,-27.35624291077598
JERICHO RURAL,6 TYNDALL ST,JERICHO,,146.12707508500011,-23.60437779399996,146.12708222108375,-23.604364611047934
LEYBURN RURAL,PERCEVAL ST,LEYBURN,,151.58346397000003,-28.015576739999972,151.58347009458075,-28.015564048615488
MAROON RURAL,BOONAH RATHDOWNEY RD,MAROON,,152.7139831940001,-28.17266220999994,152.713989173462,-28.17264962944306
MASSIE RURAL,111 MASSIE BONY MOUNTAIN RD,MASSIE,,151.94390542200006,-28.14866021399996,151.94391149023326,-28.148647558049074
MENA CREEK RURAL,INNISFAIL JAPOON RD,GERMANTOWN,,145.95629284000006,-17.65121759599998,145.95630047371566,-17.651204351360867
MILLAROO DALBEG RURAL,2 CARTYS STREET,MILLAROO,,147.27859629500006,-20.058504769999956,147.27860363737187,-20.058491643910557
MONDURE DISTRICT RURAL,KAWL KAWL RD,MONDURE,,151.77332375900005,-26.181414115999928,151.7733300810235,-26.181401428153293
MOUNT NEBO RURAL,MT NEBO RD,MOUNT NEBO,,152.78220571600002,-27.395750994999958,152.78221178555378,-27.395738415110202
MOWBRAY VALLEY RURAL,MOWBRAY RIVER RD,MOWBRAY,,145.47563621900008,-16.567551247999972,145.47564396585827,-16.567537960262765
MUNGORE RURAL,SALESYARD RD,BIGGENDEN,,152.04324602200006,-25.513748791999944,152.04325239515452,-25.5137361246671
OBI OBI RURAL,856 OBI OBI RD,OBI OBI,,152.80893505400002,-26.647420456999953,152.80894121354143,-26.647407873818157
ORANGE HILL RURAL,CARNARVON HWY,ORANGE HILL,,148.79287052900008,-26.496110552999937,148.7928771267032,-26.49609760101063
ROUND MOUNTAIN RURAL,RIVERWAY DR,KELSO,,146.73316121200003,-19.408675589999973,146.73316865026663,-19.40866241704628
GEMFIELDS RURAL,SAPPHIRE RUBYVALE RD,GEMFIELDS,,147.69935309200002,-23.421487019999972,147.69936009847885,-23.421473954573777
SEVERNLEA WEST RURAL,SCUDERI LANE,SEVERNLEA,,151.88966185300012,-28.708170449999955,151.88966785860433,-28.708157793181925
STONE RIVER RURAL,STONE RIVER RD,UPPER STONE,,145.9617952870001,-18.725303457999928,145.96180283629607,-18.725290222864317
STONEHENGE RURAL,5 BRITFORD ST,STONEHENGE,,143.28386740200006,-24.35348326899998,143.28387475303458,-24.35346990261694
TABLELANDS RURAL,CROWNTHORPE RD,TABLELANDS,,151.9323256230001,-26.171014688999946,151.93233193002385,-26.17100201629009
TAMBO TOWN RURAL,12 STAR ST,TAMBO,,146.2556113920001,-24.883544580999967,146.25561840492227,-24.88353141762435
TAROME RURAL,1013 TAROME RD,TAROME,,152.4485086840001,-27.98604631799998,152.44851471626816,-27.986033709793553
TORRENS CREEK TOWN RURAL,26 TORRENS ST,TORRENS CREEK,,145.01955686500003,-20.76856771699994,145.01956432703878,-20.76855443330098
TUMOULIN RURAL,KYNARA ST,TUMOULIN,,145.4535312170001,-17.565233125999953,145.45353889045856,-17.565219845237426
WINDORAH RURAL,1 ALBERT ST,WINDORAH,,142.652099947,-25.420781956999974,142.65210728616222,-25.42076856134136
WOOLOOGA RURAL,11 CHAMBERLAIN ST,WOOLOOGA,,152.39068838000003,-26.054316695999944,152.39069465440232,-26.054304066787186
YABBA CREEK RURAL,1484 YABBA CREEK RD,LAKE BORUMBA,,152.5840873410001,-26.506142900999976,152.58409354106462,-26.50613029441298
BLUEWATER RURAL,TOOLAKEA BEACH ROAD,TOOLAKEA ,,146.58184816800008,-19.146390521999933,146.58185563897155,-19.146377335570477
BARRINE RURAL,10 OLD BOAR ROAD,BARRINE,,145.61018668400004,-17.215215731999933,145.61019437371755,-17.215202459171778
BILYANA RURAL,BLUFF ROAD,BILYANA,,145.91868012300006,-18.11400421199994,145.91868772321004,-18.11399096861069
CHARLEVILLE RURAL,95 GALATEA STREET,CHARLEVILLE,,146.24125452600003,-26.40141573799997,146.24126140541387,-26.401402585498413
CLEVEDON RURAL,4 RILEY ROAD,CAPE CLEVELAND,,147.03408499300008,-19.36213159299996,147.03409241305906,-19.36211844233131
CROSSDALE RURAL,MCKEY ROAD,CROSSDALE,,152.52904578900007,-27.19895527999995,152.52905190998436,-27.198942673508395
FACING ISLAND SOUTH RURAL,SEA BELLE ESPLANADE,GLADSTONE HARBOUR,,151.37297085000012,-23.87666696599996,151.3729774734114,-23.876654221539336
GUNUNA RURAL,3 LARDIL STREET,GUNUNA,,139.17234259200006,-16.662597139999946,139.1723507290649,-16.662583499016197
HEBEL RURAL,46 WILLIAM STREET,HEBEL,,147.79556609300005,-28.97328328499998,147.79557254812414,-28.973270270837297
PRAIRIE TOWN RURAL,26 VOLL STREET,PRAIRIE,,144.60285398300005,-20.870211465999944,144.60286147116923,-20.870198155270554
SEAFORTH DISTRICT RURAL,16 MIERS ROAD,SEAFORTH,,148.96169936600006,-20.941372847999958,148.9617064972563,-20.941359864803026
SEYMOUR RURAL,120 JONES ROAD,BEMERSIDE,,146.18527362800012,-18.54294085899994,146.18528117599982,-18.54292763840802
THE GLEN RURAL,73 ROCKLAND ROAD,LESLIE DAM,,151.90819634500008,-28.30047138799995,151.90820239864456,-28.30045872980042
TINBEERWAH AND DISTRICT RURAL,863 SUNRISE ROAD,TINBEERWAH ,,152.98285830400005,-26.403849940999976,152.98286447571573,-26.40383737323295
TOOBANNA RURAL,45-47 MCILWRATH ST,INGHAM,,146.1573410960001,-18.65264891399994,146.15734863722722,-18.6526356923149
VILLENEUVE RURAL,"LOT 1,  TERRAGON ROAD",VILLENEUVE ,,152.6494227390001,-26.969945379999956,152.64942887544697,-26.969932783566396
BOOIE RISE RURAL,7 MALAR CRESCENT,BOOIE,,151.97650585200006,-26.581199829999946,151.9765121058757,-26.581187164819486
BATTLE CREEK RURAL,,BATTLE CREEK,,145.1936892660001,-17.694850332999977,145.19369694696616,-17.69483703545615
RAVENSWOOD TOWN RURAL,,RAVENSWOOD,,146.8896753140001,-20.091944999999953,146.88968268327116,-20.09193184454728
MOUNT ALFORD RURAL,2 MULHOLLAND ROAD,MOUNT ALFORD ,,152.59654783500002,-28.065254617999983,152.59655384100347,-28.06524202498361
BRACKER CREEK RURAL,1766 TOBACCO ROAD,COOLMUNDA,,151.212783015,-28.478627831999972,151.21278912586138,-28.478615109375
BONOGIN VALLEY RURAL,660 BONOGIN ROAD,BONOGIN ,,153.3339030200001,-28.15256908699996,153.33390893337875,-28.152556568521913
BIRNAM RURAL,3074 BEAUDESERT/BEENLEIGH ROAD,BIRNAM ,,153.0776840950001,-27.93462210299998,153.07769006454924,-27.934609556908196
COONARR RURAL,165 HERBERT HALL ROAD,COONARR,,152.4725984150001,-24.976296659999946,152.47260480964542,-24.976284030070428
HAZELDEAN RURAL,3856 ESK KILCOY ROAD,HAZELDEAN ,,152.55251150000004,-27.011875287999942,152.55251764149907,-27.01186268233442
WIVENHOE POCKET RURAL,120 LOCKYER VIEW ROAD,WIVENHOE POCKET ,,152.6152722610001,-27.410079494999934,152.61527834668013,-27.410066898680732
KUNIOON HODGLEIGH RURAL,119 MCNAMARA ROAD,KUNIOON,,151.9414771160001,-26.673264168999935,151.94148336256407,-26.673251501185305
BRIGALOW RURAL,2 STOTT STREET,BRIGALOW,,150.78927080300002,-26.841753533999963,150.7892771512724,-26.8417407594401
DULACCA RURAL,28 GLYNN AVENUE,DULACCA,,149.76024121900002,-26.64391642199996,149.76024769845293,-26.64390355382529
HUNGERFORD RURAL,CNR TORRENCE PARADE AND HANSON STREET,HUNGERFORD,,144.40840443500008,-28.995345072999953,144.40841129775686,-28.99533181303615
YOWAH OPAL FIELDS RURAL,20 HARLEQUIN DRIVE,YOWAH,,144.6362039060001,-27.971297257999936,144.63621082825395,-27.971284005455782
VETERAN RURAL,590 SANDY CREEK ROAD,VETERAN ,,152.7012615650001,-26.135401505999937,152.70126779823337,-26.135388908019085
PUMICESTONE RURAL,"LOT 100, PANORAMA COURT",ELIMBAH,,152.97705648900012,-27.030688846999965,152.97706258344638,-27.030676283661347
TINANA RURAL,396 TEDDINGTON ROAD,TINANA SOUTH,,152.67008136200002,-25.58770778199994,152.67008766458608,-25.587695176506674
COOROIBAH RURAL,4 OLD TEWANTIN ROAD,COOROIBAH,,152.975354637,-26.374103205999972,152.97536081315513,-26.374090637242418
CHILDERS RURAL,LORD STREET,CHILDERS,,152.29114264200007,-25.23945730099996,152.29114902310414,-25.239444655472465
CURRUMBIN VALLEY RURAL,691 TOMEWIN MOUNTAIN ROAD,CURRUMBIN VALLEY ,,153.388806831,-28.227758963999975,153.38881272856622,-28.227746451695086
CRYSTAL CREEK RURAL,11 BARRILGIE ROAD,COOLBIE,,146.28372189800007,-18.94960186299994,146.28372940647031,-18.94958865299998
BURNETT HEADS RURAL,BREWER STREET,BURNETT HEADS ,,152.40996570800007,-24.763952810999967,152.4099721336176,-24.763940173194715
CLEAR MOUNTAIN RURAL,445 CLEAR MOUNTAIN ROAD,CLEAR MOUNTAIN ,,152.89327870900001,-27.303361029999962,152.89328477822713,-27.303348460446554
WYANDRA TOWN RURAL,37 COOPER STREET,WYANDRA,,145.97881869200012,-27.246056833999944,145.97882552407518,-27.2460436689801
MALENY AND DISTRICT RURAL,2 DIXON AVENUE,MALENY ,,152.83646470400004,-26.755819461999977,152.83647084730677,-26.755806882425286
TOLMAH RURAL,1540 HUMBUG ROAD,TARA ,,150.2968259690001,-27.128905440999972,150.29683233763643,-27.12889262412095
GLENLYON RURAL,2628 GLENLYON DAM ROAD,GLENLYON,,151.4697448700001,-28.965077549999933,151.46975089256296,-28.965064855220536
WILDASH RURAL,143 MAHERS LANE,WILDASH,,152.05791131900003,-28.32699048199993,152.0579173525409,-28.32697783842434
CONWAY RURAL,56 DAVISON ROAD,WILSONS BEACH,,148.72722788500005,-20.47290559099997,148.72723507879397,-20.472892584285287
MINGELA RURAL,17 TOWERS STREET,MINGELA,,146.6347967060001,-19.879733579999936,146.63480411249336,-19.879720403677155
MINGELA RURAL,RAVENSWOOD ST,MINGELA,,146.63496535000002,-19.880282199999954,146.6349727564349,-19.880269023694318
PEACHESTER RURAL,PEACHESTER ROAD,PEACHESTER,,152.86916571000006,-26.835266392999984,152.86917184006668,-26.835253817319142
BLACK MOUNTAIN RURAL,191 MARY RIVER ROAD,COOROY,,152.88895208600002,-26.415679113999943,152.88895826585463,-26.41566653693688
ESK GROUP RURAL,85 PINE CRESCENT,ESK ,,152.42113178300008,-27.299789370999974,152.42113790310452,-27.299776754708173
LOCKYER VALLEY GROUP RURAL,14 BRIGHTVIEW ROAD,GLENORE GROVE ,,152.40902390000008,-27.530687624999928,152.4090299929996,-27.530675009344968
THE RIDGE RURAL,101 CHELDAN AVENUE,DALBY ,,151.32582774500008,-27.064471245999982,151.3258340104369,-27.064458522880354
CLOSEBURN RURAL,24 ANDREW ROAD,CLOSEBURN ,,152.8658754170001,-27.325296007999953,152.86588148640652,-27.325283435885257
APPLETHORPE RURAL,62 Scott Walker Drive,APPLETHORPE,,151.9828970000001,-28.623580999999945,151.98290300539796,-28.623568351490114
SOUTHBROOK LINTHORPE RURAL,SCHOOL ROAD,SOUTHBROOK ,,151.70592500200007,-27.677555439999935,151.7059311536759,-27.677542757598516
